word_id,english_word,meaning,part_of_speech,example_sentence
1,abandon,"그만두다; 버리다(abondonment 버림, 포기)",v. 동사,He decided to abandon his project due to a lack of funds.
2,ability,능력,n. 명사,She has the ability to speak three languages fluently.
3,abolish,"(제도, 법률등을)폐지하다",v. 동사,The government decided to abolish the outdated law.
4,absence,"부재; 결근, 결석",n. 명사,His long absence from work raised concerns among his colleagues.
5,absolute,"완전한, 완전무결한",adj. 형용사,Her decision was based on absolute confidence in her abilities.
6,absolutely,"절대적으로, 완전히",,
7,abstract,"추상적인, 막연한",,
8,accept,"수락하다, 승낙하다",,
9,acceptable,"용인되는, 받아들일 수 있는;
훌륭한, 만족스러운",,
10,access,"이용권한, 접근;통로, ~에 접근하다, 도달하다",,
11,accessible,출입할 수 있는; 이용할 수 있는,,
12,accidentally,"뜻하지 않게, 우연히",,
13,acclaim,"호평, 찬사",,
14,accommodate,"(건물 등이)~을 수용하다, 숙박시키다;(충분한 공간을) 제공하다
(조건, 요구 등을)만족시키다",,
15,accompany,"동행하다, 동반하다",,
16,accomplish,성취하다,,
17,accomplished,"숙련된, 노련한",,
18,accomplishment,"성과,업적",,
19,according to,~에 따라,,
20,account,계좌; 설명; 고려,,
21,accountable,책임이 있는,,
22,accounting,회계,,
23,accurate,정확한,,
24,accurately,정확하게,,
25,accustomed,익숙한,,
26,achieve,"달성하다, 성취하다",,
27,achievement,"성취, 달성",,
28,acknowledge,"인정하다; (편지 등의)수령을 알리다, 감사하다",,
29,acquaint,"~에게 숙지시키다, 잘 알게 하다",,
30,acquire,"매입하다, 취득하다
(inquire 묻다)
(inquiry 조사, 문의)",,
31,acquisition,인수; 구입한 것,,
32,act,"법령, 결의서; 행위, 행동, 결정하다, 판결을 내리다, 행동하다",,
33,active,"적극적인, 활발한",,
34,actually,"실제로, 사실은",,
35,additional,"추가의, 부가적인",,
36,address,"주소,
(어려운 문제 등을)처리하다,다루다",,
37,adequate,"충분한, 적절한
(adequately 적절히, 충분히)",,
38,adequately,적절히,,
39,adhere,"지키다, 고수하다",,
40,adjacent,인접한,,
41,adjourn,(회의 등을)휴회하다,,
42,adjust,적응하다,,
43,admission,입장,,
44,adopt,채택하다,,
45,advance,"진보, 전진",,
46,advanced,"고급의; 진보한, 앞선",,
47,advantage,"이점, 강점",,
48,adversity,"역경, 불운",,
49,advertisement,광고,,
50,advice,"조언, 충고",,
51,advisable,"바람직한, 합당한",,
52,advise,"조언해주다, 충고하다",,
53,advocate,옹호자,,
54,affect,"~에 영향을 미치다, 불리하게 작용하다",,
55,affix,(우표 등을)붙이다,,
56,affordability,감당할 수 있는 비용,,
57,affordable,"(가격이)알맞은, 감당할 수 있는",,
58,agency,"대행 회사, 대리점",,
59,agenda,"의제, 의사일정",,
60,aggressively,적극적으로,,
61,agree,동의하다,,
62,agreement,"계약, 협정; 합의",,
63,aid,"원조, 돕다",,
64,aim,"~을 겨누다, 목표, 목적",,
65,alleviate,완화하다,,
66,alliance,"동맹, 제휴",,
67,allocate,"할당하다, 배분하다
(allocation 할당)",,
68,allow,"~하게 하다, ~을 허락하다",,
69,alter,"(성질, 형상을)고치다, 바꾸다",,
70,alternative,"대안, 대체, 다른, 대신의",,
71,alternatively,"그렇지 않으면, 그 대신에",,
72,alumni,"동창생들, 졸업생들",,
73,amend,"수정하다
(amendable 개정할 수 있는)",,
74,amenity,편의 시설,,
75,amount,"액수, 양",,
76,analysis,분석,,
77,analyst,분석가,,
78,analyze,"분석하다, 분석적으로 검토하다",,
79,anniversary,기념일,,
80,announce,발표하다,,
81,announcement,"공고, 발표",,
82,annual,매년의,,
83,anonymous,"익명의, 이름을 모르는",,
84,anticipate,"예상하다, 기대하다
(anticipation 예상)",,
85,antique,골동품,,
86,apologize,사과하다,,
87,apparently,"보기에 ~한 듯한, 외관상으로는",,
88,appeal,"관심을 끌다, 매력적이다",,
89,appear,"나타나다, 출현하다",,
90,appearance,"외관, 외모",,
91,applaud,~에게 박수를 보내다; 칭찬하다,,
92,applicant,"지원자, 신청자",,
93,apply,적용하다; 지원하다,,
94,appoint,"임명하다, 지명하다",,
95,appraisal,평가,,
96,appreciate,고맙게 생각하다; 높이 평가하다; 감상하다,,
97,appreciation,감사,,
98,apprehensive,"걱정하는, 염려하는",,
99,approach,"접근법, 처리방법",,
100,appropriate,"적당한, 적합한(appropriately 적합하게)",,
101,appropriately,적절하게(appropriate 적합한),,
102,approval,"승인, 인가",,
103,approve,"승인하다, 찬성하다",,
104,approximately,대략,,
105,architect,건축가,,
106,area,"지역, 구역",,
107,argumentative,"논쟁적인, 논쟁을 좋아하는",,
108,arise,"(문제 등이)발생하다, 일어나다 = occur",,
109,arrange,"배열하다, 정돈하다",,
110,arrangement,"준비, 마련, 주선",,
111,arrive,도착하다,,
112,article,"물품, 물건; 기사, 논설",,
113,aspect,"관점, 국면",,
114,assemble,"(부품,기계 등을)조립하다;
(사람을)모으다",,
115,assent,"찬성하다, 승인, 동의
(approval 승인)
(approve 찬성하다)
(prove 증명하다)",,
116,assert,"단언하다, 주장하다 (assertion 단언, 주장)",,
117,asset,자산,,
118,assign,"배정하다, 할당하다",,
119,assignment,"일, 임무, 과제",,
120,assist,"돕다, 조력하다",,
121,associate,관련시키다,,
122,assume,"(증거는 없으나)사실이라고 생각하다;
(책임,역할을)맡다",,
123,assumption,"추정, 산정, 가정",,
124,assure,"~에게 보장하다, ~을 안심시키다, 장담하다",,
125,atmosphere,"분위기, 환경",,
126,attach,"붙이다, 접착하다, 첨부하다",,
127,attend,"참석하다, 출석하다",,
128,attendance,"출석, 출근",,
129,attention,"주의, 경청",,
130,attentive,"주의 깊은, 세심한",,
131,attentively,"주의 깊게, 조심스럽게",,
132,attire,"복장, 옷차림새",,
133,attitude,"태도, 마음가짐",,
134,attract,"끌다, 유인하다",,
135,attraction,관광 명소,,
136,attribute,(원인을)~의 덕분으로 돌리다,,
137,auction,경매,,
138,audience,"청중, 관중",,
139,audit,"회계 감사, 심사",,
140,authentic,"진정한, 진짜의, 진품의",,
141,author,"작가, 저자",,
142,authority,권한; 당국,,
143,authorize,"~을 인가하다, 권한을 부여하다.",,
144,automate,자동화하다,,
145,automotive,자동차의,,
146,availability,"(입수)가능성, 유효성, 유용성",,
147,available,"(사물이)이용 가능한;
(사람이) 시간이 있는",,
148,average,"평균치, 평균",,
149,award,"상
(reward 보상하다, 포상,보상)",,
150,aware,"알고 있는, 인식하고 있는",,
151,away,떨어져서,,
152,baggage,수화물,,
153,balance,"잔고, 차감 잔액",,
154,ban,"금지, 금지하다",,
155,banquet,"연회, 만찬",,
156,bargain,"특가품, 흥정",,
157,belongings,"소지품, 소유물",,
158,beneficial,"유익한, 이로운",,
159,benefit,"혜택, 이익, 혜택을 보다, 이익을 얻다",,
160,beverage,음료,,
161,bid,입찰,,
162,bill,"~에게 청구서를 보내다, 청구서, 계산서",,
163,biography,"약력, 전기",,
164,board,"탑승하다, 이사회",,
165,bond,채권,,
166,bonus,"상여금, 보너스",,
167,book,예약하다,,
168,boom,"붐, 호황",,
169,boost,"(경기를)부양시키다, 상승시키다",,
170,brief,"~에게 간단히 설명하다, 브리핑하다",,
171,brisk,"활발한, 호황의",,
172,broaden,넓히다,,
173,brochure,"(홍보용)소책자, 브로셔",,
174,browse,"흝어보다, 둘러보다",,
175,budget,예산,,
176,bulk,대량의,,
177,buy,"사다, 구입하다",,
178,calculate,"계산하다, 산출하다",,
179,campaign,"운동, 캠페인",,
180,cancel,취소하다,,
181,candidate,"후보자, 지원자",,
182,capability,"능력, 역량",,
183,capable,"~을 할 수 있는, ~할 능력이 있는",,
184,capacity,"용량, 수용력; 역할",,
185,careful,"조심스러운, 주의 깊은",,
186,carefully,"주의깊게, 신중히",,
187,carrier,"항공사, 수송기, 수송 회사",,
188,carry,"지니다; (물건을)팔다, 가게에 놓다",,
189,carton,(큰)판지상자,,
190,cash,현금으로 바꾸다,,
191,cater,(연회 등의)음식물을 공급하다,,
192,cause,"~을 야기하다, ~의 원인이 되다
원인",,
193,caution,"주의, 조심",,
194,cautious,"조심하는, 신중한",,
195,celebrity,"유명인사, 명사",,
196,certain,"확신하는, 확실한; 특정한",,
197,certificate,"증명서, 증서",,
198,certification,"증명서, 증명",,
199,challenging,"도전적인, 힘든",,
200,chance,"가능성, 기회",,
201,charge,"요금,청구,금액;책임,의무
~을 청구하다; (외상으로)달아놓다",,
202,check,"검사하다, 조사하다, 확인하다",,
203,check in,"체크인하다, 숙박 수속을 하다",,
204,checkup,건강 진단,,
205,chef,주방장,,
206,chemical,화학제품,,
207,choice,"선택물, 선택 사항, 선택",,
208,clarify,명확하게 하다,,
209,cleanliness,청결,,
210,clear,"맑게 갠; 명백한, 분명한
또렷하게, 완전히; 떨어져서",,
211,clearance,"정리, 없애기; 허가",,
212,clearly,명확히,,
213,clientele,"(집합적)고객들,
(변호사,건축가 등의)모든 의뢰인",,
214,closely,"면밀히, 엄밀히",,
215,closure,폐쇄,,
216,code,"규범, 관례;암호",,
217,coincidentally,"우연히, 일치하게, 동시 발생적으로
(coincident 일치하는)",,
218,collaborate,"협력하다, 공동으로 일하다",,
219,colleague,동료,,
220,collect,모으다,,
221,collection,"소장품, 수집물; 징수, 수금",,
222,collision,충돌,,
223,combination,"결합, 연합",,
224,combine,결합시키다,,
225,combined,"결합된, 합동의",,
226,comfortable,편안한,,
227,coming,다가오는,,
228,commence,시작되다,,
229,comment,"논평하다, 언급하다",,
230,commentary,"해설, 설명(comment 해설하다,논평, 주석을달다)",,
231,commercial,"상업의, 상업적인, 광고",,
232,commission,"수수료, 커미션; 위원회
(일 등을)의뢰하다, 주문하다",,
233,commit,"헌신하다, 전념하다",,
234,commitment,"헌신, 전념",,
235,committee,위원회,,
236,commodity,"상품, 산물",,
237,community,"지역 사회, 공동체",,
238,commute,통근하다,,
239,comparable,"필적하는, 비교되는",,
240,compare,비교하다,,
241,comparison,비교,,
242,compatible,"호환되는, 양립할 수 있는(compatibility 양립성, 호환성)",,
243,compensate,"보상하다
(compensation 보상)",,
244,compensation,"보상금, 보상",,
245,competent,"유능한, 능숙한
(competence 능력)",,
246,competition,경쟁,,
247,competitor,"경쟁업체, 경쟁자",,
248,compile,(자료 등을)편집하다; 모으다,,
249,complaint,불평,,
250,complete,"완료하다, 완성하다, 완료된, 완성된",,
251,completely,"전적으로, 완전히",,
252,compliance,"(명령, 법규에의)준수",,
253,complicate,복잡한(complicatedly복잡하게),,
254,complication,복잡한 문제,,
255,complimentary,"무료의, 우대의",,
256,comply,"준수하다, 따르다",,
257,component,"부품, (구성)요소",,
258,comprehensive,"종합적인, 포괄적인",,
259,compromise,"타협, 화해",,
260,compulsory,의무적인,,
261,concentrate,"집중하다, 집중시키다",,
262,concern,"우려, 걱정, 문제, 일, ~을 걱정스럽게 하다; 영향을 미치다, 관련되다.",,
263,concerned,"염려하는, 걱정하는; 관련된",,
264,condition,조건,,
265,conduct,(업무 등을)수행하다,,
266,conference,"회의, 회담",,
267,confidence,"확신, 자신, 신임",,
268,confident,자신 있는,,
269,confidential,"기밀의, 내밀한",,
270,confidentiality,"기밀, 비밀",,
271,confirm,확인하다,,
272,confirmation,"확인, 확증",,
273,conflict,"대립, 충돌, 갈등",,
274,confuse,"혼란시키다 (refuse 거절하다, 거부하다)",,
275,congestion,"(교통의)체증, 혼잡
(congest 혼잡하게 하다)",,
276,congratulate,축하하다,,
277,conscious,"알고 있는, 자각하고 있는
(consciousness : 의식)",,
278,consecutive,연속적인,,
279,consensus,"여론, 일치된 의견",,
280,consent,"동의, 허락, 동의하다
(consentaneous일치하는)",,
281,consequence,결과,,
282,conserve,"보전하다, 유지하다",,
283,consider,고려하다,,
284,considerable,(정도나 양이)상당한,,
285,considerably,"상당히, 많이",,
286,consignment,위탁 판매(consign위탁하다),,
287,consist,"구성되다, 이루어지다",,
288,consistent,"일치하는, 지속적인, 한결같은",,
289,consistently,"항상, 일관되게",,
290,constant,"지속적인, 끊임없이 계속하는",,
291,constraint,제한(=restriction),,
292,construction,"건설, 건축",,
293,constructive,건설적인,,
294,consult,"상의하다, 상담하다",,
295,consultant,"고문, 컨설턴트",,
296,consumption,"소비(량), 소모 (consumptive 소모적인)",,
297,contact,"~와 연락하다,
(상업적 목적으로)교섭하고 있는 사람",,
298,contain,포함하다,,
299,container,"용기, 그릇",,
300,contaminate,오염시키다(=pollution),,
301,contemporary,"동시대의; 현대의, 당대의",,
302,content,내용물,,
303,continually,계속해서,,
304,contract,"계약(서),계약하다, 수축하다",,
305,contractor,"계약자, 도급업자",,
306,contrary,반대,,
307,contribute,"기여하다, 공헌하다",,
308,contributor,"기고가, 공헌자",,
309,convene,"(회원 등이)모이다, (회의가)개최되다
(convener 의장,소집자)",,
310,convenience,"편의, 편리",,
311,convert,"전환하다, 변환하다",,
312,convey,(용건을)전달하다,,
313,convince,"납득시키다, 확신시키다",,
314,conviniently,편리하게,,
315,cooperate,"협력하다, 협동하다",,
316,cooperatively,"협력하여, 협조적으로",,
317,coordinate,조정하다,,
318,coordination,조정,,
319,corporatiion,"주식회사, 법인",,
320,correspondence,"편지, 통신문",,
321,corrosion,부식,,
322,cost,비용,,
323,costly,"비용이 많이 드는, 손실이 큰",,
324,courier,"급송 택배, 운반인",,
325,cover,포함하다; 지불하다; 덮다,,
326,coverage,"(보험의)보상 범위; (신문 등의)보도, 취재범위",,
327,coworker,"동료, 협력자",,
328,creative,"창조적인, 독창적인",,
329,critical,비판적인; 중요한; 위기의,,
330,crowded,"붐비는, 복잡한",,
331,cuisine,(독특한)요리,,
332,current,"현재의,; 현행의, 통용되는",,
333,currently,현재,,
334,curtail,"~을 줄이다, 삭감하다
(curtailment 단축)",,
335,curteous,예의바른,,
336,customarily,"관례상, 습관적으로",,
337,customer,고객,,
338,customs,세관,,
339,damage,"피해, 손해, 손상시키다",,
340,damaged,"손상된, 손해를 입은",,
341,deadline,"마감일, 마감 시간",,
342,deadlock,교착 상태,,
343,deal,처리하다; 거래하다; 분배하다,,
344,dealer,"판매업자, 상인",,
345,decision,"결정, 판단",,
346,declare,(세관에서)신고하다,,
347,decline,"감소, 하락,(초대,신청을)거절하다",,
348,decorate,장식하다,,
349,dedicate,"전념하다, 헌신하다, 바치다(indicate 나타내다)",,
350,dedicated,"(목표 등에)전념하는, 헌신적인",,
351,dedication,헌신,,
352,deduct,"공제하다, 빼다
(deduction 공제)",,
353,defective,결함이 있는,,
354,defer,"연기하다, 미루다
(differ 다르다)",,
355,deficient,"부족한, 불충분한",,
356,deficit,"적자, 부족액",,
357,define,"규정하다, 정의하다",,
358,defy,"저항하다; (설명,묘사등이)거의 불가능하다",,
359,degree,학위,,
360,delay,"연기하다, ~을 뒤로 미루다",,
361,delegate,(권한등을)위임하다. 대표,,
362,deliberation,"토의, 심의, 숙고
(deliberate 고의의, 숙고하다)",,
363,delinquent,"(세금 등이)연체된, 미불의",,
364,deliver,배달하다; (연설을)하다,,
365,delivery,배달,,
366,demand,"수요, 요구하다",,
367,demanding,"요구가 많은, 힘든",,
368,demonstrate,"증명하다; (모형, 실험등으로)설명하다",,
369,demonstration,"설명; 드러냄, 시연",,
370,dense,"빽빽한, 밀집한",,
371,densely,"빽빽이, 밀집하여",,
372,dental,치과의,,
373,depart,출발하다,,
374,department,"(조직, 기구의)부서",,
375,depend on,"~에 달려 있다, ~에게 의존하다",,
376,deplete,고갈시키다(depletion 고갈),,
377,deposit,"입금하다, 예금하다",,
378,depreciation,"가치 하락, 화폐의 구매력 저하
(depreciate : ~의 가치를 떨어뜨리다, 가치가 떨어지다)",,
379,depression,"불황 (depress 하락시키다, 약하게하다)",,
380,deprivation,"박탈, 상실(deprivative 박탈하는, 빼앗는)",,
381,description,"(제품등의)설명, 해설",,
382,deserve,"~할 만하다, ~할 가치가 있다",,
383,designate,"지명하다, 지정하다",,
384,designated,지정된,,
385,desire,"욕구, 갈망, 원하다, 바라다",,
386,destination,목적지,,
387,detach,"분리하다, 떼다, (attach 붙이다)",,
388,detailed,상세한,,
389,detect,"간파하다, 탐지하다",,
390,determine,"알아내다; 결정하다, 확정하다",,
391,detour,우회,,
392,develop,개발하다,,
393,development,"개발, 발전",,
394,device,장치,,
395,devise,"고안하다, 발명하다",,
396,diagnosis,진단,,
397,dietary,"식이 요법의, 규정식의",,
398,differ,"의견을 달리하다, 다르다",,
399,diligent,성실한,,
400,direct,"~에게 길을 안내하다, 가르쳐 주다",,
401,direction,"방향, 지시, 감독",,
402,directly,곧바로,,
403,director,"임원, 책임자",,
404,directory,주소록,,
405,disappoint,실망시키다,,
406,disaster,재난,,
407,discharge,방출하다,,
408,disclose,"공개하다, 드러내다",,
409,discount,할인,,
410,discuss,"논의하다, 토론하다",,
411,discussion,"토론, 토의",,
412,dismiss,"해임하다, 해고하다",,
413,dispose,"처분하다, 처리하다",,
414,dispute,"분쟁, 논쟁",,
415,disregard,"소홀히 하다, 무시하다",,
416,dissatisfaction,"불만, 불평",,
417,distract,"(주의를)산만하게 하다, 빗기게 하다(distraction 주의산만, 방심)",,
418,distribute,"배포하다, 배급하다",,
419,distributuion,"분배, 배급",,
420,district,"지역, 지구",,
421,disturb,방해하다,,
422,disturbing,"충격적인, 불안감을 주는, 방해하는",,
423,diverse,다양한,,
424,divert,"우회시키다, 다른 곳으로 돌리다",,
425,divide,"분배하다, 나누다",,
426,division,부서,,
427,do one's utmost,전력을 다하다,,
428,document,"서류, 문서",,
429,domestic,"국내의, 국산의",,
430,donation,"기증, 기부",,
431,double,두배로 만들다,,
432,downtown,"시내에서, 도심지로",,
433,dramatic,"멋진, 극적인; 급격한",,
434,dramatically,극적으로,,
435,drape,(방 등을 커튼 등으로)장식하다,,
436,drastic,"과감한, 급격한",,
437,drastically,"심하게, 과감하게, 철저하게",,
438,draw,"끌다, 끌어당기다",,
439,drive,"(차 등을)운전하다, 타고가다, 조종하다",,
440,drought,가뭄,,
441,due,"만기가 된, 지불 기일이 된;
(금전 등이)~에게 마땅히 지급되어야 할",,
442,duplicate,사본,,
443,duration,"지속 기간, 지속",,
444,duty,"관세,세금; 직무,의무",,
445,dwindle,"줄어들다, 감소되다",,
446,early,"시간상 이른, 조기의",,
447,earn,"(금전 등을)벌다; (평판을)받다, 얻다",,
448,ease,"완화시키다, 쉬움, 용이함",,
449,easily,쉽게,,
450,easy,"쉬운, 용이한",,
451,ecology,"생태, 자연환경",,
452,economical,"경제적인, 절약되는",,
453,economize,"절약하다, 아끼다",,
454,edge,"우위, 유리함; 가장자리, 끝",,
455,edition,(간행물의)판,,
456,effect,"(법률등의)효력, 효과, 영향, 결과로서 ~을 가져오다",,
457,effective,"효과적인; (법률 등이)발표되는, 시행되는",,
458,efficiency,"효율, 능률",,
459,efficient,"(기계, 방법 등이)효과적인,능률적인",,
460,efficiently,효율적으로,,
461,effort,노력,,
462,electronically,"컴퓨터 통신망으로, 컴퓨터로",,
463,elegant,"우아한, 고상한",,
464,eligible,"자격이 있는, 적격의",,
465,eliminate,제거하다(elimination 제거),,
466,emerge,"부상하다, 나타나다
(merge 합병하다)",,
467,emergency,"비상시, 비상 사태",,
468,emission,"배기가스, 방출",,
469,emphasis,"강조, 중점",,
470,emphasize,강조하다,,
471,employee,"직원, 고용인",,
472,employer,고용주,,
473,employment,고용,,
474,enable,(무엇을)가능하게 하다,,
475,enclose,"~을 동봉하다; ~을 둘러싸다, 애워싸다",,
476,enclosed,동봉된,,
477,encompass,"포함하다, 둘러싸다",,
478,encourage,"장려하다, 복돋아주다",,
479,encouragement,격려,,
480,endangered,멸종 위기에 처한,,
481,enforce,"(법률을)시행하다, 집행하다",,
482,engage,"관여하다, 종사하다",,
483,enhance,"(질 등을) 향상시키다, 높이다, 강화하다
(strengthen 강화하다)
(reinforce 보강하다, 강화하다)",,
484,enlarge,"확장하다, 확대하다",,
485,enroll,등록하다,,
486,ensure,"확실하게 하다, 보장하다",,
487,entire,전체의,,
488,entirely,완전히,,
489,entitle,자격을 주다,,
490,entrepreneur,사업가,,
491,entry,"(경기 등의)참가자, 출품물",,
492,envelope,봉투,,
493,environmental,환경적인,,
494,envision,"(장래의 일 등을)계획하다, 상상하다",,
495,epuipment,"장비, 설비",,
496,equip,"갖추다, 설비하다",,
497,especially,특히,,
498,essential,"필수적인, 극히 중요한, 본질적인",,
499,establish,설립하다,,
500,estimate,"추정하다, 추산하다, 추정(치), 추산",,
501,evaluate,평가하다,,
502,evaluation,평가,,
503,evenly,"고르게, 균등하게",,
504,eventually,"결국, 마침내",,
505,evidence,증거,,
506,evident,"분명한, 명백한,",,
507,exactly,정확히,,
508,examination,"진찰, 검사",,
509,examine,조사하다,,
510,exceed,"~을 초과하다
(exceedingly 대단히, 몹시)
(exceedably 넘을 수 있는)",,
511,excellent,훌륭한,,
512,exception,예외,,
513,exceptional,"뛰어난, 예외적인
(exception 예외, 이의, 반대)",,
514,excess,"초과, 초과량",,
515,excessive,"지나친, 과도한(excess 초과, 초과량)",,
516,excited,"신이 난, 들뜬",,
517,exclusion,"제외, 배제",,
518,exclusive,"독점적인, 배타적인",,
519,exclusively,"오로지, 독점적으로",,
520,executive,"경영의,관리의",,
521,exempt,"면제된, ~이 없는
(exemption 면제)",,
522,exhibition,전시회,,
523,existing,"기존의, 현행의",,
524,exotic,"이국적인, 매혹적인",,
525,expand,"확장하다, 확대하다",,
526,expansion,"확장, 팽창",,
527,expect,"예상하다, 기대하다",,
528,expectation,"예상, 기대",,
529,expenditure,"지출, 비용",,
530,expense,"비용, 지출",,
531,experience,"경험, 체험, 체험하다, 경험하다",,
532,experienced,"경험이 있는, 노련한, 능숙한",,
533,expert,"전문가, 전문가의, 전문적인",,
534,expertise,"전문지식, 전문기술",,
535,expiration,"(기간,임기 등의)만료, 만기",,
536,expire,(계약등이)만료되다,,
537,explain,설명하다,,
538,exploit,"착취하다, 부당하게 이용하다
(exploitation 개발,개척,약탈,착취)",,
539,explore,"조사하다, 탐구하다",,
540,exposure,노출,,
541,extend,"연장하다; (기간을)늘리다;
(감사의 뜻을)말하다, 베풀다",,
542,extended,"(기간 등을)연장한, 장기간에 걸친",,
543,extension,"연장, 연기; (전화의)내선",,
544,extensive,"광범위한, 넓은",,
545,extinction,멸종,,
546,extremely,"극도로, 대단히",,
547,fabric,"섬유, 천",,
548,face,"(문제 등에)직면하다; 향하다, 마주보다",,
549,fairly,"상당히, 꽤",,
550,fall,"(값, 가치가)하락하다",,
551,familiar,"익숙한, 친숙한",,
552,fare,교통요금,,
553,fascinating,"매혹적인, 황홀한",,
554,fatigue,피로,,
555,favorably,호의적으로; 순조롭게,,
556,feature,"특징, 특색, 특징으로 삼다, 특별히 포함하다",,
557,fee,"요금, 수수료",,
558,feedback,"의견, 반응",,
559,figure,"총액, 합계 수",,
560,file,"(서류를)정리하다, 철하다;
(서류, 신청, 고소 등을)정식으로 제기하다, 제출하다",,
561,fill,~을 채우다; (주문대로)이행하다,,
562,fill out/in,"(서류에)기입하다, 적어 넣다",,
563,finalize,"마무리 짓다, 완결하다",,
564,finally,"결국, 마침내",,
565,financial,"재정의, 금전상의",,
566,fine,벌금,,
567,fiscal,"회계의, 재정상의",,
568,flavor,"맛, 풍미",,
569,flexible,"융통성 있는; 유연한, 잘 구부러지는",,
570,focus,"집중시키다, 집중하다",,
571,follow,~을 따라가다; 주시하다; (분명히)이해하다,,
572,following,"~후에, 다음의, 다음에 오는",,
573,force,세력,,
574,forecast,(날씨의)예보,,
575,foresee,"예견하다, 예감하다",,
576,foreseeable,"예견할 수 있는
(oversee 감독하다)
(overseas 외국의)",,
577,form,"종류, 유형, 양식",,
578,formal,격식을 갖춘,,
579,formerly,이전에,,
580,fortunate,운 좋은,,
581,forward,"앞으로, (물건, 정보를)보내다",,
582,foster,"촉진하다, 육성하다",,
583,foundation,"토대, 기초",,
584,fragile,깨지기 쉬운,,
585,frequent,"빈번한, 잦은",,
586,frequently,"자주, 흔히",,
587,freshness,신선함,,
588,fuel,연료,,
589,fulfill,"(조건을)만족시키다, (약속, 의무등을)지키다, 이행하다",,
590,function,"행사, 연회",,
591,fund-raising,모금,,
592,furnished,가구가 비치된,,
593,gap,격차,,
594,give,"(연설, 수업 등을)하다",,
595,grant,"(인정하여 정식으로)수여하다, 주다,
(연구비, 장학금등의)보조금",,
596,grateful,"고마워하는, 감사하는",,
597,gratitude,"고마움, 감사",,
598,grow,"성장하다, 성장시키다, 증가시키다",,
599,growth,"성장, 발전",,
600,guarantee,"보장하다, 보장",,
601,habit,"습관, 버릇",,
602,habitat,"(동, 식물의)서식지",,
603,handle,"취급하다, 다루다",,
604,hardly,거의~하지않다,,
605,head,"(~의 방향으로)나아가다, 향하게 하다",,
606,headquarters,본부,,
607,health,"건강; (사회,기관의,)번영,안녕",,
608,heavily,"몹시, 심하게",,
609,highly,"매우, 대단히",,
610,hire,고용하다,,
611,hold,"~을 수용하다, ~을 담다;
(회의 등을)개최하다, 열다",,
612,honor,"존경, 명예",,
613,hospitality,"환대, 친절",,
614,host,(대회 등을)주최하다,,
615,ideal,이상적인,,
616,identification,"신분증, 신분 증명서",,
617,identify,"알아보다, 확인하다",,
618,illustrate,"분명히 보여주다, 설명하다
(illustrate 설명,해설,삽화)",,
619,immediately,"즉시, 곧",,
620,impact,"영향, 충격",,
621,impede,"저해하다, 방해하다",,
622,imperative,"반드시 해야 하는, 필수적인",,
623,implement,"실시하다, 실행하다",,
624,implication,"영향, 밀접한 관계 (implicate 관련시키다, 관련되었음을 나타내다)",,
625,imply,"암시하다, 넌지시 나타내다, 의미하다",,
626,impose,(세금 등을)부과하다,,
627,impressed,"인상 깊게 생각하는, 감명을 받은",,
628,impression,인상,,
629,impressive,"굉장한, 인상적인",,
630,improbable,"사실이라고 생각할 수 없는,
일어날 것 같지 않은
(probable 있음직한, 일어날것같은)",,
631,improve,"향상시키다, 개선하다",,
632,improvement,향상,,
633,improvise,"(연주, 연설 등을)즉흥적으로 하다, 즉석에서 만들다.",,
634,in advance,"미리, 사전에",,
635,in common,"공통으로, 공동으로",,
636,inaccessible,"접근이 불가능한, 이용이 불가능한",,
637,inaccurate,부정확한,,
638,incentive,"혜택, 장려금",,
639,incidental,부수적인,,
640,include,포함하다,,
641,inconvenience,"불편, ~에게 불편을 느끼게 하다",,
642,incorrect,부정확한,,
643,incrative,"수익성 있는, 돈벌이가 되는
(profit, earning, gainings 이익)
(income 수입, 소득)",,
644,increase,"인상, 증가, 증가하다",,
645,increasing,증가하는,,
646,increasingly,"점점, 더욱 더",,
647,incur,"(손실을)입다, (빚을)지다",,
648,independence,독립성,,
649,independent,"독립적인, 독자적인",,
650,indicate,"보여주다, 나타내다",,
651,indication,"징후, 조짐",,
652,indicator,"지표, 지수",,
653,induce,"유발하다 (reduce줄이다, 낮추다)",,
654,indulge,"빠지다, 탐닉하다",,
655,industry,산업,,
656,inexperienced,"경험없는, 미숙한",,
657,inflation,"물가상승, 인플레이션, 통화팽창",,
658,inflict,"(고통,피해를)입히다, 가하다",,
659,influence,"~에 영향을 주다, 영향",,
660,inform,~에게 알리다,,
661,information,"유익한, 정보를 주는",,
662,information,"정보, 자료",,
663,informed,"정보에 근거한
(inform 알리다, 통지하다)",,
664,infuriate,"화나게하다, 격분시키다",,
665,ingredient,"재료, 성분",,
666,inherently,"본질적으로
(inherent 본래 갖추어져 있는, 고유의)",,
667,initial,"처음의, 최초의",,
668,initially,"처음에, 초기에",,
669,initiate,"(사업 등을) 착수하다, 시작하다
(commence 시작하다)",,
670,innate,타고난,,
671,innovative,혁신적인,,
672,inquire,"문의하다, 질문하다",,
673,inquiry,"문의, 질문",,
674,insert,삽입하다,,
675,insight,"식견, 통찰력",,
676,inspect,"~을 검사하다, 조사하다",,
677,inspection,"점검, 검사",,
678,inspector,"조사관, 감독관
(inspect 검사하다)",,
679,inspiration,영감,,
680,install,"설치하다, 장치하다",,
681,installment,할부,,
682,instantly,"즉각적으로, 즉시",,
683,instruct,"지시하다, 가르치다",,
684,instruction,"설명, 지시 (instruct 가르치다, 지시하다, instructor교사, 강사)",,
685,insurance,보험,,
686,intend,~할 작정이다; 의도하다,,
687,intensify,"강화하다, 증대하다, 강렬하게 만들다.",,
688,intensively,집중적으로( intense 격렬한),,
689,intention,"의지, 의향",,
690,interact,"소통하다, 교류하다; 상호작용을 하다",,
691,interest,관심; 권리; 이자,,
692,interested,관련 있는; 관심이 있는,,
693,interfere,"방해하다, 해치다",,
694,international,국제적인,,
695,interrupt,"중단시키다, 방해하다
(interruption 방해, 중지, 중단)",,
696,intersection,"교차로, 교차지점",,
697,interview,"면접, 면접을 보다",,
698,introduce,"(신제품을)발표하다, 소개하다",,
699,inventory,"재고품, 재고목록",,
700,invest,"투자하다, 운용하다",,
701,investigation,"조사 (investigate 연구하다, 조사하다)",,
702,investment,"투자, 투자금",,
703,invoice,송장,,
704,involve,"수반하다, 포함하다; 참여시키다",,
705,involved,"관여하는, 관계된, 연루된",,
706,irrelevant,"관계가 없는, 무관한
(relevant 관계가 있는)",,
707,issue,"(출판물의)제 ~호; 문제, 쟁점",,
708,itinerary,여행 일정,,
709,join,~에 가입하다,,
710,labor,노동,,
711,lack,"~이 없다, 부족",,
712,lagislation,"법률, 법규",,
713,largely,"주로, 대부분",,
714,last,지속되다,,
715,launch,(신제품을)출시하다,,
716,lax,"(행동 등이)느슨한, 규율에 못 미치는",,
717,lead,"이글다, 지휘하다; (어떤 결과에)이르다",,
718,leadership,"리더십, 지도력",,
719,leading,"선도적인, 일류의, 가장 중요한, 선두적인",,
720,leak,"누출, 누출량",,
721,lease,임대차(계약),,
722,leave,"휴가, 떠나다, 남기다",,
723,lecture,"강의, 강연",,
724,lend,빌려주다,,
725,less,"보다 적은, 덜한",,
726,liable,책임져야 할; ~하기 쉬운,,
727,like,좋아하다,,
728,likely,~할 것 같은,,
729,limit,"한계, 제한",,
730,limited,"제한된, 한정된",,
731,live,"(라디오, TV가)생방송인",,
732,loan,"대출, 대출금",,
733,local,"지방의, 고장의",,
734,locate,"(~의 위치를)찾아내다;
~을 위치시키다",,
735,location,"장소, 위치",,
736,lower,"(양,가격을)줄이다",,
737,maintain,"유지하다, 관리하다",,
738,major,"주요한, 중대한",,
739,majority,"대부분, 대다수",,
740,make,"~을 하다, ~을 만들다",,
741,malfunction,"오작동, 기능불량",,
742,manage,~을 경영하다; 가까스로 하다,,
743,management,"경영진, 경영",,
744,managerial,관리의,,
745,mandate,"명령하다, 지시하다, 권한, 지시, 명령",,
746,mandatory,의무적인,,
747,maneuver,"이동시키다, 움직이다",,
748,manner,"방식, 태도",,
749,manual,"설명서, 안내서",,
750,manufacturer,"제조회사, 제조업자",,
751,manufacturing,제조(업)의,,
752,manuscript,원고,,
753,marginal,약간의; 주변의,,
754,mark,"점수, 평점, 표시, 축하하다",,
755,markedly,"현저하게, 눈에 띄게",,
756,market,시장,,
757,mastermind,"(계획 등의)입안자, 지도자",,
758,material,"재료, 물질",,
759,matter,"문제, 일",,
760,means,"방법, 수단",,
761,measure,"대책, 조치, 수단
측정하다",,
762,measurement,"측정, 측량; 치수",,
763,meet,"(필요,요구 등을)만족시키다",,
764,meeting,회의,,
765,mention,언급하다,,
766,merge,"합병하다, 병합하다",,
767,method,"방식, 방법",,
768,migration,"이동, 이주",,
769,minutes,회의록,,
770,misplace,"잃어버리다, 위치를 잘못 잡다",,
771,missing,"분실된, 없어진",,
772,modify,"수정하다, 일부 변경하다",,
773,monitor,"감독하다, 감시하다, 실행하다",,
774,mortgage,(담보)대출,,
775,mounting,"증가하는, 오르는",,
776,move,"옮기다, 움직이다, 조치, 수단;
이동, 이사",,
777,mutually,"서로, 상호 간에 (mutuality 상호관계, 상호의존)",,
778,narrow,(범위 등을)좁히다,,
779,narrowly,"주의 깊게, 좁게; 가까스로, 간신히, 겨우",,
780,nearly,"거의, 대략",,
781,necessarily,반드시,,
782,necessary,필요한,,
783,need,"필요, 요구, 욕구, ~할 필요가 있다.",,
784,negative,"부정적인, 비관적인",,
785,negotiation,"협상, 교섭",,
786,neutrality,"중립성, 중립",,
787,nomination,"임명, 지명",,
788,note,주목하다; 특별히 언급하다.,,
789,notice,"통지, 공고",,
790,notification,통지,,
791,notify,"~에게 통지하다, 알리다",,
792,numerous,많은,,
793,nutrition,영양,,
794,object,반대하다,,
795,objection,"반대, 이익",,
796,objective,"목표, 목적",,
797,obligation,"의무, 책임",,
798,oblige,"어쩔 수 없이 ~하게 하다,
~에게 강요하다",,
799,observe,"관찰하다, 주시하다;
(규칙 등을)준수하다, 지키다",,
800,obstruct,"(전망 등을)가리다, 차단하다;
(도로 등을)막다
(obstruction 장애물, 방해물)",,
801,obtain,"획득하다, 얻다",,
802,occasionally,"가끔, 때때로",,
803,occupancy,(호텔등의)이용률,,
804,occupation,직업,,
805,occur,"(일이)발생하다, 생기다(happen, take place)",,
806,offer,"제공하다, 제공,오퍼",,
807,official,"공무원, 관리, 공식적인",,
808,officially,공식적으로,,
809,omit,"빠뜨리다, 생략하다",,
810,on behalf of,~을 대신해서,,
811,ongoing,계속 진행 중인,,
812,operate,"(기계 등이)작동하다, 움직이다",,
813,operation,수술,,
814,opportunity,기회,,
815,option,선택권,,
816,order,"주문하다, 주문, 주문품",,
817,organization,단체,,
818,organize,"준비하다, 조직하다, 정리하다",,
819,originally,"원래, 처음에는",,
820,outcome,결과 (=consequence),,
821,outgoing,"(장소를)출발하는, 떠나는;
(지위를)떠나는",,
822,outline,"개요, 설명하다, 약술하다",,
823,outlook,전망,,
824,outstanding,우수한; (부채 등이)미지불된,,
825,overdue,"(지불,반납 등의)기한이 지난, 지불 기한이 넘은",,
826,oversee,"감독하다 (foresee예견하다, oversea해외의)",,
827,overtime,"초과근무, 야근",,
828,overview,"개요, 개관",,
829,package,"소포, 꾸러미",,
830,partially,"부분적으로, 일부분은",,
831,participant,참가자,,
832,participate,"참여하다, 참가하다",,
833,participation,"참여, 참가, 가입",,
834,particular,"특정한, 독특한, 세심한 (partocularly 특히)",,
835,particularly,특히,,
836,pass,"지나가다, 통과하다",,
837,passenger,승객,,
838,patent,"특허, 특허권, 특허품",,
839,payable,지불해야 하는,,
840,payment,"지불(금액),납입(금액)",,
841,payroll,"임금대장, 금료명부",,
842,percentage,"비율, 백분율",,
843,perform,"행하다, 실행하다",,
844,performance,"실적,성과; 공연,연주, 연기",,
845,period,"기간, 시기",,
846,periodically,주기적으로,,
847,perishable,부패하기 쉬운,,
848,permanent,영구적인,,
849,permanently,"영구적으로, 불변으로",,
850,permission,"허락, 허가",,
851,permit,"허락하다, 허가증",,
852,persist,"(집요하게)계속하다, 계속되다, 지속되다
(continue 계속되다, 계속하다)",,
853,personal,개인의,,
854,personnel,"(집합적)직원, 인원; 인사과",,
855,persuasive,설득력 있는,,
856,pharmaceutical,"제약의, 약학의",,
857,phase,단계,,
858,physician,내과의사,,
859,pick up,"~을 찾다; (사람,물건 등을) 도중에 태우다",,
860,place,"~을-한 상태에 두다;
(지시,주문,신청등을)하다",,
861,platform,승강장,,
862,pleased,"만족해하는, 기쁜",,
863,pleasing,"즐거운, 기분 좋은, 만족스러운",,
864,pleasure,"즐거움, 기쁜, 영광",,
865,policy,"규정; 보험, 증권",,
866,politely,"공손하게, 예의바르게",,
867,pollutant,오염물질,,
868,popular,인기있는,,
869,portfolio,"포트폴리오, 투자 자산 구성",,
870,position,"일자리, 직책, 두다",,
871,possible,"가능한, 있음직한",,
872,postpone,"연기하다, 뒤로 미루다",,
873,potential,잠재적인,,
874,power,"전력, 전기",,
875,praise,칭찬,,
876,precaution,"예방조치, 예방책",,
877,predict,예측하다,,
878,prefer,"(다른 것보다)~을 더 좋아하다, 선호하다",,
879,preference,선호,,
880,preferred,"선호되는, 우선의",,
881,premier,"으뜸의, 첫째의",,
882,premium,보험료,,
883,preparation,"준비, 대비",,
884,prepare,"준비하다, 채비를 갖추다",,
885,prescribe,"(약을)처방하다, 규정하다",,
886,present,"제시하다, 현재의, 참석한",,
887,presentation,발표,,
888,presently,"현재
(present, current현재의)
(latest, recent, up to date 최근의)",,
889,preserve,"보존하다, 보호하다(=conserve, maintain, retain, keep)",,
890,preside,"(회의의)사회를 보다, ~의 의장을 맡아보다",,
891,press,"언론(계),보도기관, 누르다",,
892,prevalent,"유행하고 있는, 널리 퍼진
(prevalence 보급, 유행)",,
893,prevent,"~을 막다, ~을 예방하다",,
894,prevention,"예방(prevent 예방하다, 방해하다)",,
895,previously,이전에,,
896,price,가격,,
897,prior,"전의, 먼저의",,
898,priority,"우선권, 우선사항",,
899,probable,"개연성이 높은, 유망한",,
900,procedure,절차,,
901,proceed,"(일을)진행하다, 진척되다",,
902,proceeds,수익금,,
903,process,"과정, 처리하다",,
904,processing,"가공, 처리(process 과정, 진행, 처리하다)",,
905,procrastinate,"미루다, 꾸물거리다",,
906,produce,생산하다,,
907,production,"생산량, 생산",,
908,productivity,생산성,,
909,professional,"전문적인, 직업의, 전문가",,
910,proficiency,"숙달, 능숙",,
911,proficient,"능숙한, 능한",,
912,profit,"수익, 이익",,
913,progress,"진행, 진척, 진전, 진보하다, 발전하다",,
914,prohibit,금지하다,,
915,projection,예상(치),,
916,prominent,"유명한, 두드러진",,
917,prominently,"눈에 잘 띄게, 두드러지게
(prominent 눈에 띄는)",,
918,promising,"유망한, 전망이 좋은",,
919,promote,승진시키다; 촉진하다,,
920,prompt,"즉각적인; 신속한, 촉발하다, 유도하다 (promptly 신속히)",,
921,promptly,즉시; 정각에,,
922,properly,"제대로, 정확하게",,
923,property,재산,,
924,proposal,"제안, 계획",,
925,propose,제안하다,,
926,prospect,"전망, 예상 (prospective 장래의, 미래의, 기대되는)",,
927,prospective,"장래의, 미래의",,
928,prosperity,번영 (prosper 번영하다),,
929,provide,"공급하다, 제공하다",,
930,provider,"공급자, 제공자",,
931,proximity,"가까움, 근접함",,
932,publicize,"공표하다; 광고하다, 선전하다",,
933,purchase,"구매하다, 구매",,
934,purify,정화시키다,,
935,purpose,"목적, 의도",,
936,qualified,"자격있는, 적격의",,
937,qualify,~의 자격을 얻다,,
938,quality,"품질, 질",,
939,quarter,사분기; 4분의1,,
940,quote,"견적(액), 견적을 내다",,
941,radically,"완전히, 철저히, 근본적으로
(radical 근본적인, 과격한)",,
942,raise,"높이다, 올리다; (의문을)제기하다",,
943,rapid,"빠른, 신속한",,
944,rapidly,"급속히, 빨리",,
945,rate,요금,,
946,rating,"등급, 평가",,
947,reach,"(치수,양 등이)~에 달하다;
~에 도착하다",,
948,react,"반응하다, 대응하다",,
949,reaction,반응,,
950,realistically,현실적으로,,
951,receipt,영수증,,
952,receive,"받다, 수취하다",,
953,recent,최근의,,
954,recently,최근에,,
955,reception,"환영회; (호텔, 회사, 병원 등의)접수처",,
956,recipient,수신자,,
957,recognize,"인정하다, 알아보다
(organize 조직하다)",,
958,recommend,"권고하다, 추천하다",,
959,recommendation,"추천사항, 추천",,
960,record,"기록; 경력, 이력, 기록하다",,
961,recovery,"회복, 쾌유",,
962,recruit,(신입사원등을)모집하다,,
963,recycling,재활용,,
964,redeemable,"(현금,상품과)교환할 수 있는, 환급할 수 있는( redeem 상환하다)",,
965,reduce,"줄이다, 감소시키다",,
966,reference,"추천서, 참고",,
967,reflect,"반영하다, 나타내다",,
968,reflective,반영하는,,
969,refrain,"자제하다, 삼가다",,
970,refreshments,"다과, 가벼운 음식물",,
971,refund,"환불, 환불금",,
972,refuse,거절하다,,
973,refute,"부인하다, 반박하다
(refutation 반박, 반론)",,
974,regard,"~을 -으로 간주하다, 여기다,
관심,배려",,
975,register,등록하다,,
976,regrettably,유감스럽게도,,
977,regular,정기적인; 단골의,,
978,regularly,정기적으로,,
979,regulation,규정,,
980,reimburse,"변제하다, 상환하다",,
981,reimbursement,"상환, 변제, 배상",,
982,reject,"거절하다, 거부하다",,
983,related,관련된,,
984,relation,관계,,
985,relatively,상대적으로,,
986,release,"발표하다, 공개하다, 출시, 발매",,
987,reliability,"신뢰도, 믿음직함",,
988,reliable,"믿을 만한, 신뢰할 수 있는",,
989,reliant,"의존하는, 의지하는
(reliantly 의지하여)",,
990,relieve,완화시키다,,
991,relocate,(공장 등을)이전하다,,
992,relocation,"이전, 재배치",,
993,reluctantly,"마지못해, 꺼려하여",,
994,remain,계속~한 상태이다; 아직 ~해야한다,,
995,remainder,나머지,,
996,remarkable,"현저한, 두드러진(markedly 현저하게 눈에 띄게)",,
997,remind,"~에게 상기시키다, 일깨우다",,
998,remove,"해임하다, 제거하다",,
999,renew,(계약 등을)갱신하다,,
1000,renewal,재개발,,
1001,renovate,"(낡은 건물, 가구등을)개조하다,
수리하다, 보수하다",,
1002,renovation,"수리, 개조",,
1003,renowned,"저명한, 유명한, 명성이 있는",,
1004,reorganize,"재편성하다, 재조직하다
(recognize 인식하다)
(organize 조직하다)",,
1005,repair,수리하다,,
1006,replace,"~을 교체하다, 대체하다",,
1007,replacement,"교체, 후임자",,
1008,report,"보고하다; 출두하다,
(직장,회의 등에 도착을)알리다,
보고서; 보도, 기록",,
1009,represent,~을 대표하다,,
1010,representative,"직원, 외판원; 대표자",,
1011,request,"요청, 요청하다",,
1012,require,요구하다,,
1013,required,"필수의, 의무적인",,
1014,requirement,"필요조건, 요건",,
1015,reschedule,일정을 바꾸다,,
1016,research,"연구, 조사",,
1017,reservation,"예약, 지정; 보호구역",,
1018,reserve,"예약하다, 지정하다; 보존하다",,
1019,reserved,"예약된, 예약한; 지정된",,
1020,residence,"거주지, 주택",,
1021,resignation,"사임, 사직, 사직서",,
1022,resolve,(문제 등을)해결하다,,
1023,resource,"자원, 자료",,
1024,respectful,"정중한, 존중하는",,
1025,respectively,"각각, 따로(respective 각각의)",,
1026,respond,응답하다,,
1027,respondent,응답자,,
1028,response,"응답, 대답",,
1029,responsibility,"부담, 책임, 의무",,
1030,responsible,"책임이 있는, 책임져야 할",,
1031,rest,"쉬다,휴식, 나머지",,
1032,restore,"복구하다, 회복시키다
(recovery 회복, recover되찾다, 회복하다)",,
1033,restrict,"한정하다, 제한하다",,
1034,result,"결과,(~의 결과로)되다",,
1035,resume,이력서,,
1036,resume,"재개하다, 다시 시작하다",,
1037,retail,소매,,
1038,retain,"유지하다, 보유하다",,
1039,retire,"퇴직하다, 은퇴하다",,
1040,return,"반환하다, 반송하다",,
1041,reveal,"밝히다, 누설하다",,
1042,revenue,수입,,
1043,reverse,"뒤의, 반대의",,
1044,review,"검토하다, 재조사하다",,
1045,revise,"(의견, 계획을)수정하다, 변경하다",,
1046,revised,"수정된, 변경된",,
1047,revision,"수정, 개정",,
1048,revolutionary,혁명적인,,
1049,reward,"~에 보답하다, 보상하다, 포상,보상
(award 상)",,
1050,run,"~을 운영하다, 경영하다",,
1051,safety,안전,,
1052,salary,급여,,
1053,sale,"(-s)매출액, 매상고; (할인)판매",,
1054,sample,"견본, 샘플, 표본
시식하다, (견본으로 질을)시험하다",,
1055,satisfaction,만족,,
1056,satisfactory,만족스러운,,
1057,satisfied,"만족하는, 만족스러워하는",,
1058,schedule,~을 예정하다,,
1059,search,"찾기, 수색, 조사",,
1060,seasonal,"계절의, 계절적인",,
1061,seating,(집합적)좌석 설비; 좌석 배열,,
1062,secure,"확보하다, 얻어 내다;
안전하게 지키다, 고정시키다",,
1063,securely,"(매듭 등이)단단하게, 튼튼하게",,
1064,security,"보안, 안전, 보호",,
1065,seek,"구하다, 찾다",,
1066,select,"선발하다, 선택하다",,
1067,selection,"선택된 것, 정선품",,
1068,separate,분리하다; 분류하다,,
1069,separately,"개별적으로, 따로따로",,
1070,sequence,"순서, 차례",,
1071,seriously,진지하게,,
1072,serve,"근무하다, 일하다",,
1073,settle,"해결하다, 처리하다",,
1074,severely,"엄격하게, 심하게",,
1075,share,"공유하다, 함께쓰다;
(생각, 경험, 감정을 남과)함께 나누다
몫, 지분",,
1076,shareholder,주주,,
1077,shift,"옮기다, 이동하다, 변화, 교대근무",,
1078,ship,"(배나 다른 운송 수단으로)운송하다, 수송하다, 선박, 배",,
1079,shipment,"선적, (화물의)발송;
수송품, 적하물",,
1080,short,부족한,,
1081,shorten,"단축하다, 짧게하다",,
1082,showing,"(영화, 연극의)상영; 전시",,
1083,signature,서명,,
1084,significant,"상당한; 중대한, 중요한",,
1085,significantly,"상당히, 두드러지게",,
1086,simple,단순한,,
1087,simultaneously,"동시에
(coincidentally 우연히 일치하게 동시발생적으로)",,
1088,sip,"음미하며 마시다, 홀짝거리다",,
1089,skilled,"숙련된, 노련한",,
1090,skillfully,"능숙하게, 솜씨있게",,
1091,slightly,약간,,
1092,soar,"(물가 등이)폭등하다, 높이 치솟다",,
1093,solely,"오로지, 혼자서, 전적으로",,
1094,solution,해결책,,
1095,sophisticated,"(기계가)정교한, 복잡한; 세련된",,
1096,spacious,(공간이)넓은,,
1097,spare,"아끼다, 할애하다, 예비의, 여분의",,
1098,speak,이야기 하다,,
1099,specialize,"~을 전공하다, 전문적으로 다루다",,
1100,specific,"구체적인, 명확한",,
1101,specifically,"명확하게, 분명히; 특히, 특별히",,
1102,specification,"명세서, 설명서, 사양",,
1103,specify,"명시하다 (specification 열거, 명시, 명세서)",,
1104,speculation,"추측
(speculate, suppose, guess, infer 추측하다)",,
1105,spend,"~을 쓰다, 소비하다",,
1106,spending,소비; 지출,,
1107,sponsor,"후원하다, 후원자",,
1108,stability,"안정, 안정성",,
1109,stagnant,"침체된, 불경기의, (stagnance침체, 정체, 불황)",,
1110,standard,"기준, 표준",,
1111,statement,"명세서, 성명서",,
1112,steadily,착실하게; 꾸준히,,
1113,steady,꾸준한; 안정된,,
1114,step,"단계; 조치, 수단",,
1115,stipulation,계약 조건,,
1116,stir,"휘젓다, 뒤섞다",,
1117,stock,재고; 주식,,
1118,storage,"보관소, 저장소",,
1119,strategy,전략,,
1120,strictly,엄격히,,
1121,study,연구,,
1122,subject,"~의 영향을 받기 쉬운;
(동의 등을)조건으로 하는,
~에게(~을) 받게 하다",,
1123,submit,제출하다,,
1124,subscribe,구독하다,,
1125,subscriber,"가입자, 구독자",,
1126,subscription,(정기발행물의) 구독,,
1127,subsequent,"차후의, 그 다음의",,
1128,substantial,상당한,,
1129,substantially,"크게, 상당히
(substantial 상당한, 재력이 있는)",,
1130,substitute,"대용품, 대신하다(substitution 대용, 대체)",,
1131,succeed,"성공하다, 뒤를 잇다",,
1132,success,"성과, 성공",,
1133,successful,"성공적인, 성공한",,
1134,successfully,성공적으로,,
1135,sufficiently,"충분히(sufficient 충분한, 충분)",,
1136,suggest,"제안하다, 추천하다",,
1137,suggestion,제안,,
1138,suitcase,여행가방,,
1139,summarize,요약하다,,
1140,summary,"요약, 개요
(emphasize 강조하다)",,
1141,superb,"최고의, 뛰어난",,
1142,superior,"우수한, 상급의",,
1143,supervise,"감독하다, 지도하다",,
1144,supervision,감독,,
1145,supply,"공급하다, 공급; (-s)비품, 소모품",,
1146,support,"후원, 원조, 지지, 지원하다,
후원하다; 살게하다,
(생명, 기력 등을)유지하다",,
1147,suppose,"생각하다, 추측하다(guess, infer 추측하다)",,
1148,surpass,"~을 능가하다, 넘어서다",,
1149,survey,설문조사,,
1150,susceptible,"~에 감염되기 쉬운, 영향 받기 쉬운",,
1151,symtom,증상,,
1152,tailored,"맞춤의, 주문에 따라 맞춘",,
1153,target,"목표, 목표로 삼다",,
1154,temporarily,"일시적으로
(temporary 일시적인, 잠정적인, 임시고용인)",,
1155,temporary,임시의,,
1156,tend,"~하는 경향이 있다, ~하기 쉽다",,
1157,tentative,"임시적인, 잠정적인",,
1158,tentatively,"임시로, 시험적으로
(tentative 시험적인, 임시의, 가설)",,
1159,term,"조건; 임기, 기한",,
1160,terminate,"끝내다, 종결시키다",,
1161,thoroughly,"철저하게, 완전히, 대단히",,
1162,thrive,"번영하다, 성공하다",,
1163,tighly,"단단히, 꽉",,
1164,timely,"시기적절한, 때를 맞춘",,
1165,total,"총계의, 전부의",,
1166,totally,"완전히, 전적으로",,
1167,tour,"(공장,시설 등의)견학, 짧은 여행",,
1168,tow,견인하다,,
1169,training,"교육, 훈련",,
1170,transaction,"거래, 업무",,
1171,transfer,보내다; 전근시키다,,
1172,transform,"바꾸다, 변모시키다",,
1173,transit,"교통, 수송, 통과하다",,
1174,transmit,"전염시키다(transmittable 전염가능한, 유전가능한)",,
1175,transportation,"교통(수단), 운송 수단",,
1176,treatment,"대우, 처우",,
1177,trim,"(깍아)다듬다, 없애다; 삭감하다",,
1178,trust,"신뢰, 신임, 믿다, 신뢰하다",,
1179,turnover,"총 매상고, 거래액; 이직률",,
1180,typically,"보통, 일반적으로",,
1181,unable,~할 수 없는,,
1182,unanimous,"만장일치의, 동의하는
(unanimously  만장일치로)",,
1183,unanimously,"만장일치로
(unanimous 만장일치의)
(anonymously 익명으로, 특색없이)",,
1184,unavailable,"이용할 수 없는, 구할 수 없는",,
1185,uncertain,"확신이 없는, 불확실한",,
1186,undergo,"겪다, 거치다, 경험하다",,
1187,understanding,이해심 있는,,
1188,undertake,(일을)떠맡다,,
1189,unexpected,예기치 않은,,
1190,union,노동조합,,
1191,unlimited,무제한의,,
1192,unoccupied,"(집 등이)비어 있는, 사람이 살지 않는
(occupy 차지하다, 점유하다)",,
1193,unprecedented,"전례 없는
(precedented 전례가 있는)",,
1194,unstable,"불안정한, 변하기 쉬운",,
1195,upcoming,"곧 있을, 다가오는",,
1196,update,"갱신, 개정, 갱신하다,
최신의 것으로 하다",,
1197,upgrade,"업그레이드, 개량형
업그레이드하다, 개선하다",,
1198,usually,"보통, 일반적으로",,
1199,utility,공공시설; 공공요금,,
1200,utilize,"이용하다, 활용하다",,
1201,valid,유효한,,
1202,variety,"다양성, 변화",,
1203,various,"여러 가지의, 가지각색의",,
1204,vary,"다르다, 다양하다",,
1205,vehicle,"차량, 운송 수단",,
1206,vendor,"노점상, 가판대; 판매업체",,
1207,very,"매우, 대단히, 아주",,
1208,vital,필수적인,,
1209,voluntarily,자발적으로,,
1210,wage,"임금, 급료",,
1211,waive,"(규칙 등을)적용하지 않다,
(권리,청구등을)포기하다
(abandon 버리다, 단념하다, 그만두다)",,
1212,wane,"감소, 감퇴",,
1213,warehouse,"창고, 저장소",,
1214,warranty,"(품질 등의)보증, 보증서",,
1215,waste,"쓰레기, 폐기물",,
1216,welcome,"반가운, 기꺼이 받아들여지는",,
1217,whole,"전체의, 온전한",,
1218,widely,널리,,
1219,withdrawal,(예금의)인출,,
1220,workshop,"워크숍, 연수",,
1221,worth,"~의 가치가 있는, (얼마)어치, 가치",,
1222,yield,"(이윤을) 가져오다, 산출하다",,
